{"count":1,"self":206.63955199999998,"total":1364.384932,"children":{"InitializeActuators":{"count":2,"self":0.0009961,"total":0.0009961,"children":null},"InitializeSensors":{"count":2,"self":0.0019993,"total":0.0019993,"children":null},"AgentSendState":{"count":300067,"self":1.2282488999999999,"total":8.5357145,"children":{"CollectObservations":{"count":300067,"self":3.0232691999999997,"total":3.0232691,"children":null},"WriteActionMask":{"count":300067,"self":0.16448369999999998,"total":0.16448369999999998,"children":null},"RequestDecision":{"count":300067,"self":0.8055399,"total":4.1197127999999994,"children":{"AgentInfo.ToProto":{"count":300067,"self":0.91123389999999993,"total":3.3141729,"children":{"GenerateSensorData":{"count":300067,"self":2.402939,"total":2.402939,"children":null}}}}}}},"DecideAction":{"count":300067,"self":1148.388864,"total":1148.3888531,"children":null},"AgentAct":{"count":300067,"self":0.8072697,"total":0.8072697,"children":null},"AgentInfo.ToProto":{"count":1242,"self":0.0040133999999999994,"total":0.0095513,"children":{"GenerateSensorData":{"count":1242,"self":0.0055379,"total":0.0055379,"children":null}}}},"gauges":{"FTGAgent.CumulativeReward":{"count":1242,"max":12.5191355,"min":-25.0287437,"runningAverage":-2.96668482,"value":0,"weightedAverage":-1.47536707}},"metadata":{"timer_format_version":"0.1.0","start_time_seconds":"1775545741","unity_version":"6000.0.58f2","command_line_arguments":"D:\\Unity 6000.0.58f2\\Editor\\Unity.exe -projectpath E:\\project\\unity\\fyp -acceptSoftwareTermsForThisRunOnly -useHub -hubIPC -cloudEnvironment production","communication_protocol_version":"1.5.0","com.unity.ml-agents_version":"4.0.0","scene_name":"SampleScene","end_time_seconds":"1775547105"}}