{"count":1,"self":743.006976,"total":4516.6484476999995,"children":{"InitializeActuators":{"count":2,"self":0.0020185999999999997,"total":0.0020185999999999997,"children":null},"InitializeSensors":{"count":2,"self":0.0009964,"total":0.0009964,"children":null},"AgentSendState":{"count":1000301,"self":3.8240431999999998,"total":31.898329099999998,"children":{"CollectObservations":{"count":1000301,"self":11.5042008,"total":11.5042011,"children":null},"WriteActionMask":{"count":1000301,"self":2.183268,"total":2.1832678999999997,"children":null},"RequestDecision":{"count":1000301,"self":2.7457132,"total":14.386816699999999,"children":{"AgentInfo.ToProto":{"count":1000301,"self":3.7622335999999996,"total":11.6411036,"children":{"GenerateSensorData":{"count":1000301,"self":7.8788703999999994,"total":7.87887,"children":null}}}}}}},"DecideAction":{"count":1000301,"self":3739.1958016,"total":3739.1958588999996,"children":null},"AgentAct":{"count":1000301,"self":2.4988644,"total":2.4988644,"children":null},"AgentInfo.ToProto":{"count":3750,"self":0.0153067,"total":0.0444112,"children":{"GenerateSensorData":{"count":3750,"self":0.0291045,"total":0.0291045,"children":null}}}},"gauges":{"FTGAgent.CumulativeReward":{"count":3750,"max":11.6000071,"min":-15.3659306,"runningAverage":-0.703026,"value":0,"weightedAverage":-0.610515833}},"metadata":{"timer_format_version":"0.1.0","start_time_seconds":"1776767109","unity_version":"6000.0.58f2","command_line_arguments":"D:\\Unity 6000.0.58f2\\Editor\\Unity.exe","communication_protocol_version":"1.5.0","com.unity.ml-agents_version":"4.0.0","scene_name":"SampleScene","end_time_seconds":"1776771626"}}