{"count":1,"self":170.3446016,"total":1535.3437956999999,"children":{"InitializeActuators":{"count":2,"self":0.0009994,"total":0.0009994,"children":null},"InitializeSensors":{"count":2,"self":0.0009996,"total":0.0009996,"children":null},"AgentSendState":{"count":301251,"self":1.7719264,"total":12.9022808,"children":{"CollectObservations":{"count":301251,"self":4.7808696,"total":4.7808696,"children":null},"WriteActionMask":{"count":301251,"self":0.75519439999999993,"total":0.75519439999999993,"children":null},"RequestDecision":{"count":301251,"self":1.0748963999999999,"total":5.5942905,"children":{"AgentInfo.ToProto":{"count":301251,"self":1.5198618,"total":4.5193940999999995,"children":{"GenerateSensorData":{"count":301251,"self":2.9995323999999997,"total":2.9995323,"children":null}}}}}}},"DecideAction":{"count":301251,"self":1350.8518912,"total":1350.8518694,"children":null},"AgentAct":{"count":301251,"self":1.2199119999999999,"total":1.2199119999999999,"children":null},"AgentInfo.ToProto":{"count":1128,"self":0.0109795,"total":0.0221272,"children":{"GenerateSensorData":{"count":1128,"self":0.0111477,"total":0.0111477,"children":null}}}},"gauges":{"FTGAgent.CumulativeReward":{"count":1128,"max":9.771144,"min":-14.3151693,"runningAverage":-0.8571772,"value":0,"weightedAverage":0.46469593}},"metadata":{"timer_format_version":"0.1.0","start_time_seconds":"1775583766","unity_version":"6000.0.58f2","command_line_arguments":"D:\\Unity 6000.0.58f2\\Editor\\Unity.exe","communication_protocol_version":"1.5.0","com.unity.ml-agents_version":"4.0.0","scene_name":"SampleScene","end_time_seconds":"1775585301"}}