{"count":1,"self":219.4950912,"total":1466.3118507,"children":{"InitializeActuators":{"count":2,"self":0.0032543999999999997,"total":0.0032543999999999997,"children":null},"InitializeSensors":{"count":2,"self":0.001573,"total":0.001573,"children":null},"AgentSendState":{"count":222351,"self":1.364838,"total":10.2547114,"children":{"CollectObservations":{"count":222351,"self":3.8582967999999997,"total":3.8582969,"children":null},"WriteActionMask":{"count":222351,"self":0.6342926,"total":0.6342926,"children":null},"RequestDecision":{"count":222351,"self":0.8517521,"total":4.3972839,"children":{"AgentInfo.ToProto":{"count":222351,"self":1.2331896999999998,"total":3.5455318,"children":{"GenerateSensorData":{"count":222351,"self":2.3123419999999997,"total":2.3123421,"children":null}}}}}}},"DecideAction":{"count":222351,"self":1235.4876416,"total":1235.4876823,"children":null},"AgentAct":{"count":222351,"self":1.0522031,"total":1.0522031,"children":null},"AgentInfo.ToProto":{"count":840,"self":0.0055204999999999994,"total":0.0167738,"children":{"GenerateSensorData":{"count":840,"self":0.011253299999999999,"total":0.011253299999999999,"children":null}}}},"gauges":{"FTGAgent.CumulativeReward":{"count":840,"max":8.750015,"min":-15.3169575,"runningAverage":-1.243312,"value":0,"weightedAverage":-1.044874}},"metadata":{"timer_format_version":"0.1.0","start_time_seconds":"1775986534","unity_version":"6000.0.58f2","command_line_arguments":"D:\\Unity 6000.0.58f2\\Editor\\Unity.exe -projectpath E:\\project\\unity\\fyp -acceptSoftwareTermsForThisRunOnly -useHub -hubIPC -cloudEnvironment production","communication_protocol_version":"1.5.0","com.unity.ml-agents_version":"4.0.0","scene_name":"SampleScene","end_time_seconds":"1775988000"}}